{
  "version": 1,
  "author": "Wendell",
  "editor": "wokwi",
  "parts": [
    { "type": "wokwi-esp32-devkit-v1", "id": "esp", "top": 0, "left": 0, "attrs": {} },
    {
      "type": "wokwi-dht22",
      "id": "dht1",
      "top": -70.8,
      "left": 134.4,
      "attrs": { "temperature": "24.5", "humidity": "40" }
    },
    {
      "type": "wokwi-servo",
      "id": "servo1",
      "top": 124.2,
      "left": 140,
      "attrs": { "angle": "90" }
    },
    {
      "type": "wokwi-pushbutton",
      "id": "btn1",
      "top": 185.6,
      "left": -60,
      "attrs": { "color": "green" }
    },
    {
      "type": "wokwi-potentiometer",
      "id": "pot1",
      "top": -80,
      "left": -70,
      "attrs": { "label": "Sensor pH" }
    }
  ],
  "connections": [
    ["esp:GND", "dht1:GND", "black", ["h0", "v-48", "h-143.2"]],
    ["esp:3V3", "dht1:VCC", "red", ["h0", "v-38.4", "h-124"]],
    ["esp:D15", "dht1:SDA", "green", ["h0", "v-28.8", "h-114.4"]],
    ["esp:GND", "servo1:GND", "black", ["h0", "v125.6", "h-143.2"]],
    ["esp:VIN", "servo1:V+", "red", ["h0", "v134.4", "h-124"]],
    ["esp:D4", "servo1:SIG", "orange", ["h0", "v115.2", "h-133.6"]],
    ["esp:GND", "btn1:1", "black", ["h0", "v182.4", "h-7.2"]],
    ["esp:D12", "btn1:2", "green", ["h0", "v172.8", "h-20.4"]],
    ["esp:GND", "pot1:GND", "black", ["h0", "v-115.2", "h38.4"]],
    ["esp:3V3", "pot1:VCC", "red", ["h0", "v-134.4", "h48"]],
    ["esp:D34", "pot1:SIG", "blue", ["h0", "v-124.8", "h43.2"]],
    [ "esp:TX0", "$serialMonitor:RX", "", [] ],
    [ "esp:RX0", "$serialMonitor:TX", "", [] ]
  ],
  "dependencies": {}
}